"migratieachtergrond","perioden","totaal"
"Amerikaanse Maagdeneilanden";"1997";9
"Amerikaanse Maagdeneilanden";"1998";9
"Amerikaanse Maagdeneilanden";"1999";12
"Amerikaanse Maagdeneilanden";"2000";10
"Amerikaanse Maagdeneilanden";"2001";10
"Amerikaanse Maagdeneilanden";"2002";10
"Amerikaanse Maagdeneilanden";"2003";10
"Amerikaanse Maagdeneilanden";"2004";9
"Amerikaanse Maagdeneilanden";"2005";10
"Amerikaanse Maagdeneilanden";"2006";11
"Amerikaanse Maagdeneilanden";"2007";12
"Amerikaanse Maagdeneilanden";"2008";11
"Amerikaanse Maagdeneilanden";"2009";11
"Amerikaanse Maagdeneilanden";"2010";11
"Amerikaanse Maagdeneilanden";"2011";11
"Amerikaanse Maagdeneilanden";"2012";11
"Amerikaanse Maagdeneilanden";"2013";13
"Amerikaanse Maagdeneilanden";"2014";13
"Amerikaanse Maagdeneilanden";"2015";14
"Amerikaanse Maagdeneilanden";"2016";20
"Amerikaanse Maagdeneilanden";"2017";20
"Anguilla";"1997";13
"Anguilla";"1998";18
"Anguilla";"1999";19
"Anguilla";"2000";20
"Anguilla";"2001";23
"Anguilla";"2002";24
"Anguilla";"2003";27
"Anguilla";"2004";34
"Anguilla";"2005";32
"Anguilla";"2006";28
"Anguilla";"2007";27
"Anguilla";"2008";30
"Anguilla";"2009";29
"Anguilla";"2010";29
"Anguilla";"2011";33
"Anguilla";"2012";31
"Anguilla";"2013";30
"Anguilla";"2014";30
"Anguilla";"2015";30
"Anguilla";"2016";27
"Anguilla";"2017";28
"Antiguaen Barbuda";"1997";26
"Antiguaen Barbuda";"1998";25
"Antiguaen Barbuda";"1999";28
"Antiguaen Barbuda";"2000";30
"Antiguaen Barbuda";"2001";30
"Antiguaen Barbuda";"2002";33
"Antiguaen Barbuda";"2003";38
"Antiguaen Barbuda";"2004";40
"Antiguaen Barbuda";"2005";38
"Antiguaen Barbuda";"2006";42
"Antiguaen Barbuda";"2007";40
"Antiguaen Barbuda";"2008";41
"Antiguaen Barbuda";"2009";42
"Antiguaen Barbuda";"2010";40
"Antiguaen Barbuda";"2011";44
"Antiguaen Barbuda";"2012";47
"Antiguaen Barbuda";"2013";50
"Antiguaen Barbuda";"2014";46
"Antiguaen Barbuda";"2015";45
"Antiguaen Barbuda";"2016";47
"Antiguaen Barbuda";"2017";48
"Argentinië";"1997";3012
"Argentinië";"1998";3096
"Argentinië";"1999";3187
"Argentinië";"2000";3239
"Argentinië";"2001";3400
"Argentinië";"2002";3622
"Argentinië";"2003";3875
"Argentinië";"2004";4075
"Argentinië";"2005";4167
"Argentinië";"2006";4195
"Argentinië";"2007";4190
"Argentinië";"2008";4210
"Argentinië";"2009";4346
"Argentinië";"2010";4522
"Argentinië";"2011";4618
"Argentinië";"2012";4696
"Argentinië";"2013";4853
"Argentinië";"2014";5028
"Argentinië";"2015";5245
"Argentinië";"2016";5470
"Argentinië";"2017";5709
"Aruba";"1997";0
"Aruba";"1998";0
"Aruba";"1999";0
"Aruba";"2000";0
"Aruba";"2001";0
"Aruba";"2002";0
"Aruba";"2003";0
"Aruba";"2004";0
"Aruba";"2005";0
"Aruba";"2006";0
"Aruba";"2007";0
"Aruba";"2008";0
"Aruba";"2009";0
"Aruba";"2010";0
"Aruba";"2011";2709
"Aruba";"2012";3176
"Aruba";"2013";3476
"Aruba";"2014";3760
"Aruba";"2015";4130
"Aruba";"2016";4407
"Aruba";"2017";4742
"Bahama's";"1997";51
"Bahama's";"1998";58
"Bahama's";"1999";61
"Bahama's";"2000";53
"Bahama's";"2001";55
"Bahama's";"2002";61
"Bahama's";"2003";55
"Bahama's";"2004";63
"Bahama's";"2005";69
"Bahama's";"2006";67
"Bahama's";"2007";71
"Bahama's";"2008";72
"Bahama's";"2009";74
"Bahama's";"2010";75
"Bahama's";"2011";73
"Bahama's";"2012";79
"Bahama's";"2013";75
"Bahama's";"2014";84
"Bahama's";"2015";84
"Bahama's";"2016";87
"Bahama's";"2017";89
"Barbados";"1997";94
"Barbados";"1998";101
"Barbados";"1999";102
"Barbados";"2000";107
"Barbados";"2001";115
"Barbados";"2002";113
"Barbados";"2003";110
"Barbados";"2004";116
"Barbados";"2005";120
"Barbados";"2006";119
"Barbados";"2007";117
"Barbados";"2008";116
"Barbados";"2009";116
"Barbados";"2010";117
"Barbados";"2011";113
"Barbados";"2012";125
"Barbados";"2013";125
"Barbados";"2014";133
"Barbados";"2015";134
"Barbados";"2016";142
"Barbados";"2017";150
"Belize";"1997";12
"Belize";"1998";15
"Belize";"1999";16
"Belize";"2000";16
"Belize";"2001";19
"Belize";"2002";22
"Belize";"2003";22
"Belize";"2004";24
"Belize";"2005";24
"Belize";"2006";23
"Belize";"2007";22
"Belize";"2008";24
"Belize";"2009";26
"Belize";"2010";28
"Belize";"2011";25
"Belize";"2012";23
"Belize";"2013";23
"Belize";"2014";23
"Belize";"2015";23
"Belize";"2016";24
"Belize";"2017";28
"Bermuda";"1997";26
"Bermuda";"1998";28
"Bermuda";"1999";26
"Bermuda";"2000";26
"Bermuda";"2001";28
"Bermuda";"2002";28
"Bermuda";"2003";30
"Bermuda";"2004";30
"Bermuda";"2005";29
"Bermuda";"2006";28
"Bermuda";"2007";29
"Bermuda";"2008";28
"Bermuda";"2009";34
"Bermuda";"2010";37
"Bermuda";"2011";37
"Bermuda";"2012";34
"Bermuda";"2013";42
"Bermuda";"2014";42
"Bermuda";"2015";44
"Bermuda";"2016";43
"Bermuda";"2017";49
"Bolivia";"1997";438
"Bolivia";"1998";466
"Bolivia";"1999";507
"Bolivia";"2000";547
"Bolivia";"2001";578
"Bolivia";"2002";622
"Bolivia";"2003";652
"Bolivia";"2004";701
"Bolivia";"2005";744
"Bolivia";"2006";769
"Bolivia";"2007";810
"Bolivia";"2008";854
"Bolivia";"2009";917
"Bolivia";"2010";954
"Bolivia";"2011";988
"Bolivia";"2012";1033
"Bolivia";"2013";1052
"Bolivia";"2014";1110
"Bolivia";"2015";1170
"Bolivia";"2016";1221
"Bolivia";"2017";1268
"Brazilië";"1997";7109
"Brazilië";"1998";7639
"Brazilië";"1999";8356
"Brazilië";"2000";8913
"Brazilië";"2001";9562
"Brazilië";"2002";10237
"Brazilië";"2003";10900
"Brazilië";"2004";11638
"Brazilië";"2005";12289
"Brazilië";"2006";13091
"Brazilië";"2007";13964
"Brazilië";"2008";14823
"Brazilië";"2009";16035
"Brazilië";"2010";17022
"Brazilië";"2011";18097
"Brazilië";"2012";19102
"Brazilië";"2013";19957
"Brazilië";"2014";20997
"Brazilië";"2015";22041
"Brazilië";"2016";23675
"Brazilië";"2017";24725
"BritseMaagdeneilanden";"1997";2
"BritseMaagdeneilanden";"1998";3
"BritseMaagdeneilanden";"1999";3
"BritseMaagdeneilanden";"2000";4
"BritseMaagdeneilanden";"2001";4
"BritseMaagdeneilanden";"2002";5
"BritseMaagdeneilanden";"2003";7
"BritseMaagdeneilanden";"2004";7
"BritseMaagdeneilanden";"2005";9
"BritseMaagdeneilanden";"2006";9
"BritseMaagdeneilanden";"2007";9
"BritseMaagdeneilanden";"2008";10
"BritseMaagdeneilanden";"2009";12
"BritseMaagdeneilanden";"2010";12
"BritseMaagdeneilanden";"2011";11
"BritseMaagdeneilanden";"2012";12
"BritseMaagdeneilanden";"2013";11
"BritseMaagdeneilanden";"2014";11
"BritseMaagdeneilanden";"2015";14
"BritseMaagdeneilanden";"2016";15
"BritseMaagdeneilanden";"2017";18
"Canada";"1997";9942
"Canada";"1998";10370
"Canada";"1999";10845
"Canada";"2000";11217
"Canada";"2001";11697
"Canada";"2002";12199
"Canada";"2003";12487
"Canada";"2004";12660
"Canada";"2005";12907
"Canada";"2006";13073
"Canada";"2007";13160
"Canada";"2008";13376
"Canada";"2009";13774
"Canada";"2010";13964
"Canada";"2011";14277
"Canada";"2012";14458
"Canada";"2013";14780
"Canada";"2014";14925
"Canada";"2015";15267
"Canada";"2016";15625
"Canada";"2017";15944
"CaribischNederland";"1997";0
"CaribischNederland";"1998";0
"CaribischNederland";"1999";0
"CaribischNederland";"2000";0
"CaribischNederland";"2001";0
"CaribischNederland";"2002";0
"CaribischNederland";"2003";0
"CaribischNederland";"2004";0
"CaribischNederland";"2005";0
"CaribischNederland";"2006";0
"CaribischNederland";"2007";0
"CaribischNederland";"2008";0
"CaribischNederland";"2009";0
"CaribischNederland";"2010";0
"CaribischNederland";"2011";0
"CaribischNederland";"2012";0
"CaribischNederland";"2013";5
"CaribischNederland";"2014";12
"CaribischNederland";"2015";15
"CaribischNederland";"2016";21
"CaribischNederland";"2017";30
"Caymaneilanden";"1997";8
"Caymaneilanden";"1998";10
"Caymaneilanden";"1999";10
"Caymaneilanden";"2000";8
"Caymaneilanden";"2001";10
"Caymaneilanden";"2002";10
"Caymaneilanden";"2003";11
"Caymaneilanden";"2004";11
"Caymaneilanden";"2005";13
"Caymaneilanden";"2006";11
"Caymaneilanden";"2007";12
"Caymaneilanden";"2008";14
"Caymaneilanden";"2009";12
"Caymaneilanden";"2010";11
"Caymaneilanden";"2011";11
"Caymaneilanden";"2012";11
"Caymaneilanden";"2013";13
"Caymaneilanden";"2014";13
"Caymaneilanden";"2015";13
"Caymaneilanden";"2016";15
"Caymaneilanden";"2017";14
"Chili";"1997";3602
"Chili";"1998";3671
"Chili";"1999";3814
"Chili";"2000";3937
"Chili";"2001";4061
"Chili";"2002";4210
"Chili";"2003";4329
"Chili";"2004";4444
"Chili";"2005";4564
"Chili";"2006";4777
"Chili";"2007";4838
"Chili";"2008";4796
"Chili";"2009";4856
"Chili";"2010";4936
"Chili";"2011";5059
"Chili";"2012";5211
"Chili";"2013";5349
"Chili";"2014";5426
"Chili";"2015";5488
"Chili";"2016";5612
"Chili";"2017";5806
"Colombia";"1997";5459
"Colombia";"1998";6002
"Colombia";"1999";6590
"Colombia";"2000";7025
"Colombia";"2001";7484
"Colombia";"2002";8122
"Colombia";"2003";8798
"Colombia";"2004";9366
"Colombia";"2005";9885
"Colombia";"2006";"10335
"Colombia";"2007";"10631
"Colombia";"2008";"11031
"Colombia";"2009";"11582
"Colombia";"2010";"12292
"Colombia";"2011";"12968
"Colombia";"2012";"13537
"Colombia";"2013";"14069
"Colombia";"2014";"14759
"Colombia";"2015";"15346
"Colombia";"2016";"15892
"Colombia";"2017";"16607
"CostaRica";"1997";321
"CostaRica";"1998";355
"CostaRica";"1999";409
"CostaRica";"2000";444
"CostaRica";"2001";474
"CostaRica";"2002";507
"CostaRica";"2003";553
"CostaRica";"2004";585
"CostaRica";"2005";623
"CostaRica";"2006";648
"CostaRica";"2007";664
"CostaRica";"2008";674
"CostaRica";"2009";711
"CostaRica";"2010";741
"CostaRica";"2011";792
"CostaRica";"2012";856
"CostaRica";"2013";900
"CostaRica";"2014";899
"CostaRica";"2015";970
"CostaRica";"2016";1007
"CostaRica";"2017";1056
"Cuba";"1997";416
"Cuba";"1998";562
"Cuba";"1999";678
"Cuba";"2000";781
"Cuba";"2001";909
"Cuba";"2002";1011
"Cuba";"2003";1160
"Cuba";"2004";1270
"Cuba";"2005";1361
"Cuba";"2006";1462
"Cuba";"2007";1539
"Cuba";"2008";1607
"Cuba";"2009";1651
"Cuba";"2010";1748
"Cuba";"2011";1828
"Cuba";"2012";1896
"Cuba";"2013";1946
"Cuba";"2014";1999
"Cuba";"2015";2052
"Cuba";"2016";2090
"Cuba";"2017";2111
"Curaçao";"1997";0
"Curaçao";"1998";0
"Curaçao";"1999";0
"Curaçao";"2000";0
"Curaçao";"2001";0
"Curaçao";"2002";0
"Curaçao";"2003";0
"Curaçao";"2004";0
"Curaçao";"2005";0
"Curaçao";"2006";0
"Curaçao";"2007";0
"Curaçao";"2008";0
"Curaçao";"2009";0
"Curaçao";"2010";0
"Curaçao";"2011";0
"Curaçao";"2012";0
"Curaçao";"2013";67
"Curaçao";"2014";124
"Curaçao";"2015";203
"Curaçao";"2016";334
"Curaçao";"2017";472
"Dominica";"1997";61
"Dominica";"1998";62
"Dominica";"1999";72
"Dominica";"2000";84
"Dominica";"2001";88
"Dominica";"2002";96
"Dominica";"2003";99
"Dominica";"2004";109
"Dominica";"2005";103
"Dominica";"2006";97
"Dominica";"2007";94
"Dominica";"2008";90
"Dominica";"2009";96
"Dominica";"2010";95
"Dominica";"2011";103
"Dominica";"2012";107
"Dominica";"2013";112
"Dominica";"2014";111
"Dominica";"2015";120
"Dominica";"2016";116
"Dominica";"2017";123
"DominicaanseRepubliek";"1997";5739
"DominicaanseRepubliek";"1998";6174
"DominicaanseRepubliek";"1999";6811
"DominicaanseRepubliek";"2000";7341
"DominicaanseRepubliek";"2001";8035
"DominicaanseRepubliek";"2002";8676
"DominicaanseRepubliek";"2003";9200
"DominicaanseRepubliek";"2004";9546
"DominicaanseRepubliek";"2005";9843
"DominicaanseRepubliek";"2006";10115
"DominicaanseRepubliek";"2007";10303
"DominicaanseRepubliek";"2008";10672
"DominicaanseRepubliek";"2009";11069
"DominicaanseRepubliek";"2010";11600
"DominicaanseRepubliek";"2011";12140
"DominicaanseRepubliek";"2012";12633
"DominicaanseRepubliek";"2013";12864
"DominicaanseRepubliek";"2014";13220
"DominicaanseRepubliek";"2015";13651
"DominicaanseRepubliek";"2016";13972
"DominicaanseRepubliek";"2017";14318
"Ecuador";"1997";685
"Ecuador";"1998";826
"Ecuador";"1999";1014
"Ecuador";"2000";1121
"Ecuador";"2001";1269
"Ecuador";"2002";1404
"Ecuador";"2003";1578
"Ecuador";"2004";1739
"Ecuador";"2005";1883
"Ecuador";"2006";2015
"Ecuador";"2007";2128
"Ecuador";"2008";2197
"Ecuador";"2009";2330
"Ecuador";"2010";2466
"Ecuador";"2011";2612
"Ecuador";"2012";2753
"Ecuador";"2013";2896
"Ecuador";"2014";3028
"Ecuador";"2015";3200
"Ecuador";"2016";3393
"Ecuador";"2017";3530
"ElSalvador";"1997";305
"ElSalvador";"1998";314
"ElSalvador";"1999";343
"ElSalvador";"2000";350
"ElSalvador";"2001";371
"ElSalvador";"2002";397
"ElSalvador";"2003";415
"ElSalvador";"2004";431
"ElSalvador";"2005";453
"ElSalvador";"2006";469
"ElSalvador";"2007";484
"ElSalvador";"2008";493
"ElSalvador";"2009";526
"ElSalvador";"2010";544
"ElSalvador";"2011";561
"ElSalvador";"2012";571
"ElSalvador";"2013";589
"ElSalvador";"2014";602
"ElSalvador";"2015";626
"ElSalvador";"2016";654
"ElSalvador";"2017";666
"Falklandeilanden";"1997";1
"Falklandeilanden";"1998";1
"Falklandeilanden";"1999";1
"Falklandeilanden";"2000";1
"Falklandeilanden";"2001";1
"Falklandeilanden";"2002";1
"Falklandeilanden";"2003";2
"Falklandeilanden";"2004";2
"Falklandeilanden";"2005";3
"Falklandeilanden";"2006";2
"Falklandeilanden";"2007";2
"Falklandeilanden";"2008";2
"Falklandeilanden";"2009";2
"Falklandeilanden";"2010";3
"Falklandeilanden";"2011";4
"Falklandeilanden";"2012";4
"Falklandeilanden";"2013";5
"Falklandeilanden";"2014";5
"Falklandeilanden";"2015";5
"Falklandeilanden";"2016";6
"Falklandeilanden";"2017";6
"FransGuyana";"1997";434
"FransGuyana";"1998";448
"FransGuyana";"1999";465
"FransGuyana";"2000";477
"FransGuyana";"2001";516
"FransGuyana";"2002";578
"FransGuyana";"2003";626
"FransGuyana";"2004";661
"FransGuyana";"2005";707
"FransGuyana";"2006";722
"FransGuyana";"2007";673
"FransGuyana";"2008";664
"FransGuyana";"2009";660
"FransGuyana";"2010";716
"FransGuyana";"2011";736
"FransGuyana";"2012";742
"FransGuyana";"2013";758
"FransGuyana";"2014";765
"FransGuyana";"2015";767
"FransGuyana";"2016";768
"FransGuyana";"2017";797
"Grenada";"1997";36
"Grenada";"1998";36
"Grenada";"1999";43
"Grenada";"2000";43
"Grenada";"2001";46
"Grenada";"2002";50
"Grenada";"2003";51
"Grenada";"2004";54
"Grenada";"2005";58
"Grenada";"2006";59
"Grenada";"2007";58
"Grenada";"2008";58
"Grenada";"2009";60
"Grenada";"2010";64
"Grenada";"2011";64
"Grenada";"2012";67
"Grenada";"2013";66
"Grenada";"2014";65
"Grenada";"2015";65
"Grenada";"2016";65
"Grenada";"2017";67
"Groenland";"1997";10
"Groenland";"1998";9
"Groenland";"1999";12
"Groenland";"2000";9
"Groenland";"2001";9
"Groenland";"2002";8
"Groenland";"2003";9
"Groenland";"2004";9
"Groenland";"2005";8
"Groenland";"2006";9
"Groenland";"2007";10
"Groenland";"2008";10
"Groenland";"2009";10
"Groenland";"2010";14
"Groenland";"2011";14
"Groenland";"2012";14
"Groenland";"2013";14
"Groenland";"2014";15
"Groenland";"2015";11
"Groenland";"2016";14
"Groenland";"2017";15
"Guadeloupe";"1997";191
"Guadeloupe";"1998";204
"Guadeloupe";"1999";210
"Guadeloupe";"2000";219
"Guadeloupe";"2001";249
"Guadeloupe";"2002";255
"Guadeloupe";"2003";287
"Guadeloupe";"2004";291
"Guadeloupe";"2005";306
"Guadeloupe";"2006";298
"Guadeloupe";"2007";286
"Guadeloupe";"2008";285
"Guadeloupe";"2009";297
"Guadeloupe";"2010";301
"Guadeloupe";"2011";306
"Guadeloupe";"2012";307
"Guadeloupe";"2013";320
"Guadeloupe";"2014";323
"Guadeloupe";"2015";327
"Guadeloupe";"2016";338
"Guadeloupe";"2017";349
"Guatemala";"1997";242
"Guatemala";"1998";265
"Guatemala";"1999";308
"Guatemala";"2000";339
"Guatemala";"2001";399
"Guatemala";"2002";445
"Guatemala";"2003";433
"Guatemala";"2004";439
"Guatemala";"2005";471
"Guatemala";"2006";496
"Guatemala";"2007";516
"Guatemala";"2008";543
"Guatemala";"2009";571
"Guatemala";"2010";604
"Guatemala";"2011";649
"Guatemala";"2012";675
"Guatemala";"2013";733
"Guatemala";"2014";790
"Guatemala";"2015";815
"Guatemala";"2016";859
"Guatemala";"2017";891
"Guyana";"1997";3372
"Guyana";"1998";3465
"Guyana";"1999";3558
"Guyana";"2000";3658
"Guyana";"2001";3731
"Guyana";"2002";3807
"Guyana";"2003";3897
"Guyana";"2004";3959
"Guyana";"2005";4016
"Guyana";"2006";4035
"Guyana";"2007";4042
"Guyana";"2008";4033
"Guyana";"2009";4086
"Guyana";"2010";4109
"Guyana";"2011";4168
"Guyana";"2012";4173
"Guyana";"2013";4204
"Guyana";"2014";4225
"Guyana";"2015";4218
"Guyana";"2016";4225
"Guyana";"2017";4232
"Haïti";"1997";232
"Haïti";"1998";231
"Haïti";"1999";264
"Haïti";"2000";331
"Haïti";"2001";375
"Haïti";"2002";433
"Haïti";"2003";479
"Haïti";"2004";527
"Haïti";"2005";540
"Haïti";"2006";542
"Haïti";"2007";523
"Haïti";"2008";526
"Haïti";"2009";594
"Haïti";"2010";619
"Haïti";"2011";709
"Haïti";"2012";630
"Haïti";"2013";650
"Haïti";"2014";659
"Haïti";"2015";703
"Haïti";"2016";736
"Haïti";"2017";772
"Honduras";"1997";230
"Honduras";"1998";246
"Honduras";"1999";261
"Honduras";"2000";269
"Honduras";"2001";298
"Honduras";"2002";319
"Honduras";"2003";346
"Honduras";"2004";372
"Honduras";"2005";387
"Honduras";"2006";424
"Honduras";"2007";443
"Honduras";"2008";451
"Honduras";"2009";469
"Honduras";"2010";505
"Honduras";"2011";547
"Honduras";"2012";575
"Honduras";"2013";595
"Honduras";"2014";624
"Honduras";"2015";670
"Honduras";"2016";699
"Honduras";"2017";734
"Jamaica";"1997";1045
"Jamaica";"1998";1079
"Jamaica";"1999";1140
"Jamaica";"2000";1187
"Jamaica";"2001";1252
"Jamaica";"2002";1265
"Jamaica";"2003";1316
"Jamaica";"2004";1322
"Jamaica";"2005";1346
"Jamaica";"2006";1330
"Jamaica";"2007";1315
"Jamaica";"2008";1327
"Jamaica";"2009";1337
"Jamaica";"2010";1375
"Jamaica";"2011";1409
"Jamaica";"2012";1448
"Jamaica";"2013";1488
"Jamaica";"2014";1524
"Jamaica";"2015";1551
"Jamaica";"2016";1619
"Jamaica";"2017";1687
"Martinique";"1997";84
"Martinique";"1998";88
"Martinique";"1999";88
"Martinique";"2000";94
"Martinique";"2001";96
"Martinique";"2002";92
"Martinique";"2003";93
"Martinique";"2004";99
"Martinique";"2005";105
"Martinique";"2006";110
"Martinique";"2007";106
"Martinique";"2008";105
"Martinique";"2009";110
"Martinique";"2010";106
"Martinique";"2011";107
"Martinique";"2012";114
"Martinique";"2013";120
"Martinique";"2014";118
"Martinique";"2015";121
"Martinique";"2016";115
"Martinique";"2017";113
"Mexico";"1997";1347
"Mexico";"1998";1470
"Mexico";"1999";1629
"Mexico";"2000";1802
"Mexico";"2001";1994
"Mexico";"2002";2193
"Mexico";"2003";2458
"Mexico";"2004";2700
"Mexico";"2005";2894
"Mexico";"2006";3067
"Mexico";"2007";3232
"Mexico";"2008";3466
"Mexico";"2009";3758
"Mexico";"2010";4054
"Mexico";"2011";4349
"Mexico";"2012";4659
"Mexico";"2013";4964
"Mexico";"2014";5254
"Mexico";"2015";5548
"Mexico";"2016";5985
"Mexico";"2017";6424
"Montserrat";"1997";3
"Montserrat";"1998";2
"Montserrat";"1999";3
"Montserrat";"2000";4
"Montserrat";"2001";5
"Montserrat";"2002";6
"Montserrat";"2003";6
"Montserrat";"2004";6
"Montserrat";"2005";7
"Montserrat";"2006";8
"Montserrat";"2007";9
"Montserrat";"2008";8
"Montserrat";"2009";10
"Montserrat";"2010";10
"Montserrat";"2011";9
"Montserrat";"2012";10
"Montserrat";"2013";9
"Montserrat";"2014";10
"Montserrat";"2015";10
"Montserrat";"2016";9
"Montserrat";"2017";8
"NederlandseAntillen(oud)";"1997";0
"NederlandseAntillen(oud)";"1998";0
"NederlandseAntillen(oud)";"1999";0
"NederlandseAntillen(oud)";"2000";0
"NederlandseAntillen(oud)";"2001";0
"NederlandseAntillen(oud)";"2002";0
"NederlandseAntillen(oud)";"2003";0
"NederlandseAntillen(oud)";"2004";0
"NederlandseAntillen(oud)";"2005";0
"NederlandseAntillen(oud)";"2006";0
"NederlandseAntillen(oud)";"2007";0
"NederlandseAntillen(oud)";"2008";0
"NederlandseAntillen(oud)";"2009";0
"NederlandseAntillen(oud)";"2010";0
"NederlandseAntillen(oud)";"2011";138636
"NederlandseAntillen(oud)";"2012";140816
"NederlandseAntillen(oud)";"2013";141948
"NederlandseAntillen(oud)";"2014";142953
"NederlandseAntillen(oud)";"2015";144565
"NederlandseAntillen(oud)";"2016";146202
"NederlandseAntillen(oud)";"2017";148192
"Nicaragua";"1997";286
"Nicaragua";"1998";289
"Nicaragua";"1999";314
"Nicaragua";"2000";314
"Nicaragua";"2001";325
"Nicaragua";"2002";341
"Nicaragua";"2003";370
"Nicaragua";"2004";401
"Nicaragua";"2005";403
"Nicaragua";"2006";431
"Nicaragua";"2007";455
"Nicaragua";"2008";461
"Nicaragua";"2009";496
"Nicaragua";"2010";535
"Nicaragua";"2011";566
"Nicaragua";"2012";599
"Nicaragua";"2013";633
"Nicaragua";"2014";659
"Nicaragua";"2015";693
"Nicaragua";"2016";728
"Nicaragua";"2017";746
"Panama";"1997";254
"Panama";"1998";259
"Panama";"1999";268
"Panama";"2000";278
"Panama";"2001";296
"Panama";"2002";302
"Panama";"2003";317
"Panama";"2004";331
"Panama";"2005";353
"Panama";"2006";370
"Panama";"2007";393
"Panama";"2008";394
"Panama";"2009";388
"Panama";"2010";393
"Panama";"2011";406
"Panama";"2012";421
"Panama";"2013";437
"Panama";"2014";461
"Panama";"2015";470
"Panama";"2016";478
"Panama";"2017";500
"Paraguay";"1997";225
"Paraguay";"1998";228
"Paraguay";"1999";233
"Paraguay";"2000";238
"Paraguay";"2001";242
"Paraguay";"2002";253
"Paraguay";"2003";259
"Paraguay";"2004";266
"Paraguay";"2005";270
"Paraguay";"2006";265
"Paraguay";"2007";268
"Paraguay";"2008";263
"Paraguay";"2009";274
"Paraguay";"2010";281
"Paraguay";"2011";285
"Paraguay";"2012";297
"Paraguay";"2013";301
"Paraguay";"2014";318
"Paraguay";"2015";328
"Paraguay";"2016";344
"Paraguay";"2017";347
"Peru";"1997";1963
"Peru";"1998";2101
"Peru";"1999";2275
"Peru";"2000";2418
"Peru";"2001";2604
"Peru";"2002";2851
"Peru";"2003";3107
"Peru";"2004";3399
"Peru";"2005";3662
"Peru";"2006";3899
"Peru";"2007";4162
"Peru";"2008";4376
"Peru";"2009";4640
"Peru";"2010";4925
"Peru";"2011";5232
"Peru";"2012";5497
"Peru";"2013";5706
"Peru";"2014";5830
"Peru";"2015";6100
"Peru";"2016";6352
"Peru";"2017";6594
"PuertoRico";"1997";94
"PuertoRico";"1998";97
"PuertoRico";"1999";102
"PuertoRico";"2000";101
"PuertoRico";"2001";108
"PuertoRico";"2002";113
"PuertoRico";"2003";125
"PuertoRico";"2004";130
"PuertoRico";"2005";132
"PuertoRico";"2006";142
"PuertoRico";"2007";150
"PuertoRico";"2008";151
"PuertoRico";"2009";149
"PuertoRico";"2010";153
"PuertoRico";"2011";162
"PuertoRico";"2012";171
"PuertoRico";"2013";186
"PuertoRico";"2014";189
"PuertoRico";"2015";199
"PuertoRico";"2016";210
"PuertoRico";"2017";222
"SaintKittsenNevis";"1997";34
"SaintKittsenNevis";"1998";40
"SaintKittsenNevis";"1999";44
"SaintKittsenNevis";"2000";56
"SaintKittsenNevis";"2001";68
"SaintKittsenNevis";"2002";73
"SaintKittsenNevis";"2003";82
"SaintKittsenNevis";"2004";93
"SaintKittsenNevis";"2005";95
"SaintKittsenNevis";"2006";91
"SaintKittsenNevis";"2007";90
"SaintKittsenNevis";"2008";93
"SaintKittsenNevis";"2009";96
"SaintKittsenNevis";"2010";98
"SaintKittsenNevis";"2011";98
"SaintKittsenNevis";"2012";107
"SaintKittsenNevis";"2013";108
"SaintKittsenNevis";"2014";107
"SaintKittsenNevis";"2015";102
"SaintKittsenNevis";"2016";97
"SaintKittsenNevis";"2017";99
"SaintPierreenMiquelon";"1997";0
"SaintPierreenMiquelon";"1998";0
"SaintPierreenMiquelon";"1999";0
"SaintPierreenMiquelon";"2000";0
"SaintPierreenMiquelon";"2001";0
"SaintPierreenMiquelon";"2002";0
"SaintPierreenMiquelon";"2003";0
"SaintPierreenMiquelon";"2004";0
"SaintPierreenMiquelon";"2005";0
"SaintPierreenMiquelon";"2006";0
"SaintPierreenMiquelon";"2007";0
"SaintPierreenMiquelon";"2008";0
"SaintPierreenMiquelon";"2009";0
"SaintPierreenMiquelon";"2010";0
"SaintPierreenMiquelon";"2011";0
"SaintPierreenMiquelon";"2012";0
"SaintPierreenMiquelon";"2013";0
"SaintPierreenMiquelon";"2014";0
"SaintPierreenMiquelon";"2015";0
"SaintPierreenMiquelon";"2016";0
"SaintPierreenMiquelon";"2017";0
"SintVincentendeGrenadines";"1997";47
"SintVincentendeGrenadines";"1998";48
"SintVincentendeGrenadines";"1999";54
"SintVincentendeGrenadines";"2000";57
"SintVincentendeGrenadines";"2001";59
"SintVincentendeGrenadines";"2002";67
"SintVincentendeGrenadines";"2003";76
"SintVincentendeGrenadines";"2004";76
"SintVincentendeGrenadines";"2005";76
"SintVincentendeGrenadines";"2006";80
"SintVincentendeGrenadines";"2007";81
"SintVincentendeGrenadines";"2008";84
"SintVincentendeGrenadines";"2009";90
"SintVincentendeGrenadines";"2010";91
"SintVincentendeGrenadines";"2011";98
"SintVincentendeGrenadines";"2012";101
"SintVincentendeGrenadines";"2013";101
"SintVincentendeGrenadines";"2014";107
"SintVincentendeGrenadines";"2015";106
"SintVincentendeGrenadines";"2016";107
"SintVincentendeGrenadines";"2017";109
"SintLucia";"1997";29
"SintLucia";"1998";34
"SintLucia";"1999";41
"SintLucia";"2000";50
"SintLucia";"2001";50
"SintLucia";"2002";60
"SintLucia";"2003";62
"SintLucia";"2004";60
"SintLucia";"2005";65
"SintLucia";"2006";69
"SintLucia";"2007";63
"SintLucia";"2008";56
"SintLucia";"2009";56
"SintLucia";"2010";66
"SintLucia";"2011";71
"SintLucia";"2012";68
"SintLucia";"2013";66
"SintLucia";"2014";75
"SintLucia";"2015";84
"SintLucia";"2016";89
"SintLucia";"2017";90
"SintMaarten(Nederlandsdeel)";"1997";0
"SintMaarten(Nederlandsdeel)";"1998";0
"SintMaarten(Nederlandsdeel)";"1999";0
"SintMaarten(Nederlandsdeel)";"2000";0
"SintMaarten(Nederlandsdeel)";"2001";0
"SintMaarten(Nederlandsdeel)";"2002";0
"SintMaarten(Nederlandsdeel)";"2003";0
"SintMaarten(Nederlandsdeel)";"2004";0
"SintMaarten(Nederlandsdeel)";"2005";0
"SintMaarten(Nederlandsdeel)";"2006";0
"SintMaarten(Nederlandsdeel)";"2007";0
"SintMaarten(Nederlandsdeel)";"2008";0
"SintMaarten(Nederlandsdeel)";"2009";0
"SintMaarten(Nederlandsdeel)";"2010";0
"SintMaarten(Nederlandsdeel)";"2011";0
"SintMaarten(Nederlandsdeel)";"2012";0
"SintMaarten(Nederlandsdeel)";"2013";3
"SintMaarten(Nederlandsdeel)";"2014";6
"SintMaarten(Nederlandsdeel)";"2015";13
"SintMaarten(Nederlandsdeel)";"2016";17
"SintMaarten(Nederlandsdeel)";"2017";33
"Suriname";"1997";285524
"Suriname";"1998";290467
"Suriname";"1999";296984
"Suriname";"2000";302514
"Suriname";"2001";308824
"Suriname";"2002";315177
"Suriname";"2003";320658
"Suriname";"2004";325281
"Suriname";"2005";329430
"Suriname";"2006";331890
"Suriname";"2007";333504
"Suriname";"2008";335799
"Suriname";"2009";338678
"Suriname";"2010";342279
"Suriname";"2011";344734
"Suriname";"2012";346797
"Suriname";"2013";347631
"Suriname";"2014";348291
"Suriname";"2015";348662
"Suriname";"2016";349022
"Suriname";"2017";349978
"TrinidadenTobago";"1997";650
"TrinidadenTobago";"1998";695
"TrinidadenTobago";"1999";732
"TrinidadenTobago";"2000";742
"TrinidadenTobago";"2001";785
"TrinidadenTobago";"2002";805
"TrinidadenTobago";"2003";840
"TrinidadenTobago";"2004";857
"TrinidadenTobago";"2005";868
"TrinidadenTobago";"2006";889
"TrinidadenTobago";"2007";889
"TrinidadenTobago";"2008";881
"TrinidadenTobago";"2009";896
"TrinidadenTobago";"2010";921
"TrinidadenTobago";"2011";922
"TrinidadenTobago";"2012";933
"TrinidadenTobago";"2013";946
"TrinidadenTobago";"2014";946
"TrinidadenTobago";"2015";975
"TrinidadenTobago";"2016";994
"TrinidadenTobago";"2017";1029
"Turks-enCaicoseilanden";"1997";1
"Turks-enCaicoseilanden";"1998";1
"Turks-enCaicoseilanden";"1999";0
"Turks-enCaicoseilanden";"2000";0
"Turks-enCaicoseilanden";"2001";0
"Turks-enCaicoseilanden";"2002";0
"Turks-enCaicoseilanden";"2003";1
"Turks-enCaicoseilanden";"2004";1
"Turks-enCaicoseilanden";"2005";1
"Turks-enCaicoseilanden";"2006";1
"Turks-enCaicoseilanden";"2007";1
"Turks-enCaicoseilanden";"2008";3
"Turks-enCaicoseilanden";"2009";3
"Turks-enCaicoseilanden";"2010";2
"Turks-enCaicoseilanden";"2011";2
"Turks-enCaicoseilanden";"2012";2
"Turks-enCaicoseilanden";"2013";2
"Turks-enCaicoseilanden";"2014";2
"Turks-enCaicoseilanden";"2015";1
"Turks-enCaicoseilanden";"2016";2
"Turks-enCaicoseilanden";"2017";1
"Uruguay";"1997";819
"Uruguay";"1998";842
"Uruguay";"1999";866
"Uruguay";"2000";886
"Uruguay";"2001";902
"Uruguay";"2002";934
"Uruguay";"2003";962
"Uruguay";"2004";987
"Uruguay";"2005";997
"Uruguay";"2006";1011
"Uruguay";"2007";1027
"Uruguay";"2008";1050
"Uruguay";"2009";1078
"Uruguay";"2010";1069
"Uruguay";"2011";1049
"Uruguay";"2012";1078
"Uruguay";"2013";1092
"Uruguay";"2014";1117
"Uruguay";"2015";1135
"Uruguay";"2016";1148
"Uruguay";"2017";1169
"Venezuela";"1997";2384
"Venezuela";"1998";2565
"Venezuela";"1999";2729
"Venezuela";"2000";2948
"Venezuela";"2001";3181
"Venezuela";"2002";3480
"Venezuela";"2003";3717
"Venezuela";"2004";3952
"Venezuela";"2005";4090
"Venezuela";"2006";4216
"Venezuela";"2007";4316
"Venezuela";"2008";4450
"Venezuela";"2009";4682
"Venezuela";"2010";4936
"Venezuela";"2011";5145
"Venezuela";"2012";5315
"Venezuela";"2013";5556
"Venezuela";"2014";5721
"Venezuela";"2015";6002
"Venezuela";"2016";6269
"Venezuela";"2017";6530
"Verenigde Staten van Amerika";"1997";23506
"Verenigde Staten van Amerika";"1998";24479
"Verenigde Staten van Amerika";"1999";25666
"Verenigde Staten van Amerika";"2000";26808
"Verenigde Staten van Amerika";"2001";28080
"Verenigde Staten van Amerika";"2002";29093
"Verenigde Staten van Amerika";"2003";29859
"Verenigde Staten van Amerika";"2004";30161
"Verenigde Staten van Amerika";"2005";30482
"Verenigde Staten van Amerika";"2006";30726
"Verenigde Staten van Amerika";"2007";31154
"Verenigde Staten van Amerika";"2008";31478
"Verenigde Staten van Amerika";"2009";32423
"Verenigde Staten van Amerika";"2010";32915
"Verenigde Staten van Amerika";"2011";33749
"Verenigde Staten van Amerika";"2012";34588
"Verenigde Staten van Amerika";"2013";35357
"Verenigde Staten van Amerika";"2014";35736
"Verenigde Staten van Amerika";"2015";36944
"Verenigde Staten van Amerika";"2016";38494
"Verenigde Staten van Amerika";"2017";40022